{
  "ticker": "SHOP",
  "kid": "eq-q6lsgw",
  "total_duration_seconds": 343.4077169895172,
  "timing_per_slug": {
    "overview": 13.741185903549194,
    "description": 12.066624164581299,
    "percentile-rank": 12.715155839920044,
    "dividend": 12.385442018508911,
    "ownership": 12.495376825332642,
    "earnings-history": 12.650132894515991,
    "actuals-and-consensus": 12.397433042526245,
    "price-target": 14.994097232818604,
    "estimates-overview": 12.12046504020691,
    "estimates-trends": 12.005239725112915,
    "highlights": 12.95225191116333,
    "income-statement": 12.002247333526611,
    "balance-sheet": 12.06200122833252,
    "cash-flow": 12.192906856536865,
    "multiples": 12.32752799987793,
    "enterprise-value": 12.66754674911499,
    "profitability": 12.032138109207153,
    "roic": 12.123160123825073,
    "solvency": 12.073121070861816,
    "news": 14.852601289749146,
    "press-releases": 12.81476092338562,
    "filings": 12.012849807739258,
    "transcripts": 11.956528902053833,
    "historical": 12.132699012756348,
    "comparison": 12.722533941268921,
    "intraday": 12.724069118499756,
    "performance": 13.113467931747437
  },
  "errors": {},
  "success_count": 27,
  "failed_count": 0
}