{
  "ticker": "MU",
  "kid": "eq-7n04a1",
  "total_duration_seconds": 334.5658576488495,
  "timing_per_slug": {
    "overview": 12.117525100708008,
    "description": 12.03513216972351,
    "percentile-rank": 11.916879177093506,
    "dividend": 12.024236917495728,
    "ownership": 12.088886022567749,
    "earnings-history": 12.419453859329224,
    "actuals-and-consensus": 12.529683828353882,
    "price-target": 12.760610818862915,
    "estimates-overview": 13.331587076187134,
    "estimates-trends": 11.969485998153687,
    "highlights": 12.0934898853302,
    "income-statement": 12.039602994918823,
    "balance-sheet": 12.051855087280273,
    "cash-flow": 12.011708974838257,
    "multiples": 11.872905969619751,
    "enterprise-value": 12.64500904083252,
    "profitability": 12.079190969467163,
    "roic": 12.043152093887329,
    "solvency": 12.06460690498352,
    "news": 13.22069001197815,
    "press-releases": 12.618539810180664,
    "filings": 12.122619867324829,
    "transcripts": 12.068097114562988,
    "historical": 12.262364149093628,
    "comparison": 12.120527982711792,
    "intraday": 12.748540878295898,
    "performance": 12.190944194793701
  },
  "errors": {},
  "success_count": 27,
  "failed_count": 0
}